{"stats":{"minecraft:custom":{"minecraft:open_barrel":5,"minecraft:open_chest":8,"minecraft:time_since_rest":1430,"minecraft:crouch_one_cm":1061,"minecraft:play_time":21678,"minecraft:sprint_one_cm":19741,"minecraft:deaths":3,"minecraft:damage_taken":845,"minecraft:walk_one_cm":80014,"minecraft:sneak_time":8146,"minecraft:drop":4,"minecraft:jump":60,"minecraft:leave_game":4,"minecraft:walk_on_water_one_cm":1071,"minecraft:time_since_death":1361,"minecraft:total_world_time":21678,"minecraft:fall_one_cm":2453,"minecraft:fly_one_cm":15388},"minecraft:dropped":{"gravestone:obituary":3,"minecraft:string":1},"minecraft:used":{"minecraft:chainmail_boots":1,"minecraft:chainmail_chestplate":1,"iceandfire:dragon_skull_ice":1,"minecraft:iron_sword":15,"minecraft:chainmail_helmet":1,"minecraft:chainmail_leggings":1},"minecraft:picked_up":{"iceandfire:dragon_skull_ice":2,"iceandfire:dragonbone":28,"gravestone:obituary":1,"minecraft:dark_oak_log":4,"minecraft:string":12},"minecraft:mined":{"minecraft:cobweb":11,"minecraft:fire":4,"minecraft:dark_oak_log":4,"minecraft:tripwire":1},"minecraft:killed_by":{"minecraft:skeleton":2}},"DataVersion":3465}